path	owner	role	disposition
build/build-assets-cli.js	kit-proprietary	support	migrate
build/build-assets.js	kit-proprietary	support	migrate
core/packages/build/README.md	kit-proprietary	client-build	migrate
core/packages/build/build-all.js	kit-proprietary	client-build	migrate
core/packages/build/build-assets-cli.js	kit-proprietary	client-build	migrate
core/packages/build/build-assets.js	kit-proprietary	client-build	migrate
core/packages/build/cli-options.js	kit-proprietary	client-build	migrate
core/packages/build/esbuild-components-cli.js	kit-proprietary	client-build	migrate
core/packages/build/esbuild-components.js	kit-proprietary	client-build	migrate
core/packages/build/esbuild-dependencies-cli.js	kit-proprietary	client-build	migrate
core/packages/build/esbuild-dependencies.js	kit-proprietary	client-build	migrate
core/packages/build/esbuild-styles-cli.js	kit-proprietary	client-build	migrate
core/packages/build/esbuild-styles.js	kit-proprietary	client-build	migrate
core/packages/build/esbuild-vendor-cli.js	kit-proprietary	client-build	migrate
core/packages/build/esbuild-vendor.js	kit-proprietary	client-build	migrate
core/packages/build/getJsxOptions.js	kit-proprietary	client-build	migrate
core/packages/build/index.js	kit-proprietary	client-build	migrate
core/packages/build/package.json	kit-proprietary	client-build	migrate
core/packages/build/wpdev-check-cli.js	kit-proprietary	client-build	migrate
core/packages/dependency-extraction-esbuild-plugin/README.md	kit-proprietary	client-build	migrate
core/packages/dependency-extraction-esbuild-plugin/index.js	kit-proprietary	client-build	migrate
core/packages/dependency-extraction-esbuild-plugin/package.json	kit-proprietary	client-build	migrate
core/packages/dependency-extraction-esbuild-plugin/utils.js	kit-proprietary	client-build	migrate
core/packages/utils/check.js	kit-proprietary	client-build	migrate
core/packages/utils/getOrgName.js	kit-proprietary	client-build	migrate
core/packages/utils/index.js	kit-proprietary	client-build	migrate
core/packages/utils/package.json	kit-proprietary	client-build	migrate
core/packages/utils/path.js	kit-proprietary	client-build	migrate
core/packages/utils/readProjectConfig.js	kit-proprietary	client-build	migrate
dev/fix-autoloader.php	kit-proprietary	support	migrate
dev/rector-build.php	kit-proprietary	support	external-dependency
dev/rector-prefix.php	kit-proprietary	support	external-dependency
dev/rector-upgrade.php	kit-proprietary	support	external-dependency
dev/release/build-dist.php	kit-proprietary	support	migrate
dev/release/freshness.php	kit-proprietary	support	migrate
packages/cli/bin/wpdev.js	kit-proprietary	support	migrate
packages/cli/create-plugin/bin/create-wpdev-plugin.js	kit-proprietary	support	migrate
packages/cli/create-plugin/package.json	kit-proprietary	support	migrate
packages/cli/package.json	kit-proprietary	support	migrate
packages/cli/src/branding.js	kit-proprietary	support	migrate
packages/cli/src/commands/add.js	kit-proprietary	support	migrate
packages/cli/src/commands/create.js	kit-proprietary	support	migrate
packages/cli/src/commands/doctor.js	kit-proprietary	support	migrate
packages/cli/src/commands/info.js	kit-proprietary	support	migrate
packages/cli/src/commands/list.js	kit-proprietary	support	migrate
packages/cli/src/commands/remove.js	kit-proprietary	support	migrate
packages/cli/src/commands/set.js	kit-proprietary	support	migrate
packages/cli/src/commands/update.js	kit-proprietary	support	migrate
packages/cli/src/flags.js	kit-proprietary	support	migrate
packages/cli/src/format-validation.js	kit-proprietary	support	migrate
packages/cli/src/gather.js	kit-proprietary	support	migrate
packages/cli/src/main.js	kit-proprietary	support	migrate
packages/cli/src/php-source-versions.js	kit-proprietary	support	migrate
packages/cli/src/prompts.js	kit-proprietary	support	migrate
packages/cli/src/resolveTargetDir.js	kit-proprietary	support	migrate
packages/cli/src/runners.js	kit-proprietary	support	migrate
packages/cli/src/slug.js	kit-proprietary	support	migrate
packages/cli/src/ui.js	kit-proprietary	support	migrate
packages/cli/src/version.js	kit-proprietary	support	migrate
packages/create-wp-project/src/add-feature-cli.js	kit-proprietary	support	migrate
packages/create-wp-project/src/addFeature.js	kit-proprietary	support	migrate
packages/create-wp-project/src/composer-dump.js	kit-proprietary	support	migrate
packages/create-wp-project/src/composer-patches.js	kit-proprietary	support	migrate
packages/create-wp-project/src/config-set.js	kit-proprietary	support	migrate
packages/create-wp-project/src/dep-versions.js	kit-proprietary	support	migrate
packages/create-wp-project/src/derive-ui-framework.js	kit-proprietary	support	migrate
packages/create-wp-project/src/doctor-cli.js	kit-proprietary	support	migrate
packages/create-wp-project/src/doctor.js	kit-proprietary	support	migrate
packages/create-wp-project/src/features.js	kit-proprietary	support	migrate
packages/create-wp-project/src/generators/_framework-template.js	kit-proprietary	consumer-wiring	temporary-compat
packages/create-wp-project/src/generators/_mcp-template.js	kit-proprietary	consumer-wiring	temporary-compat
packages/create-wp-project/src/generators/_php-fault-tolerance-template.js	kit-proprietary	consumer-wiring	temporary-compat
packages/create-wp-project/src/generators/_plugin-core-test-template.js	kit-proprietary	consumer-wiring	temporary-compat
packages/create-wp-project/src/generators/_polaris-template.js	kit-proprietary	consumer-wiring	temporary-compat
packages/create-wp-project/src/generators/_templateVars.js	kit-proprietary	consumer-wiring	temporary-compat
packages/create-wp-project/src/generators/_templates.js	kit-proprietary	consumer-wiring	temporary-compat
packages/create-wp-project/src/generators/_wpdev-js-packages-template.js	kit-proprietary	consumer-wiring	temporary-compat
packages/create-wp-project/src/generators/ci.js	kit-proprietary	consumer-wiring	temporary-compat
packages/create-wp-project/src/generators/core.js	kit-proprietary	consumer-wiring	temporary-compat
packages/create-wp-project/src/generators/css.js	kit-proprietary	consumer-wiring	temporary-compat
packages/create-wp-project/src/generators/e2eTest.js	kit-proprietary	consumer-wiring	temporary-compat
packages/create-wp-project/src/generators/exampleFeature.js	kit-proprietary	consumer-wiring	temporary-compat
packages/create-wp-project/src/generators/faultTolerance.js	kit-proprietary	consumer-wiring	temporary-compat
packages/create-wp-project/src/generators/frontendStack.js	kit-proprietary	consumer-wiring	temporary-compat
packages/create-wp-project/src/generators/husky.js	kit-proprietary	consumer-wiring	temporary-compat
packages/create-wp-project/src/generators/i18n.js	kit-proprietary	consumer-wiring	temporary-compat
packages/create-wp-project/src/generators/index.js	kit-proprietary	consumer-wiring	temporary-compat
packages/create-wp-project/src/generators/js/flow.js	kit-proprietary	consumer-wiring	temporary-compat
packages/create-wp-project/src/generators/js/pure.js	kit-proprietary	consumer-wiring	temporary-compat
packages/create-wp-project/src/generators/js/typescript.js	kit-proprietary	consumer-wiring	temporary-compat
packages/create-wp-project/src/generators/jsLib.js	kit-proprietary	consumer-wiring	temporary-compat
packages/create-wp-project/src/generators/jsTest.js	kit-proprietary	consumer-wiring	temporary-compat
packages/create-wp-project/src/generators/license.js	kit-proprietary	consumer-wiring	temporary-compat
packages/create-wp-project/src/generators/mcpAbilities.js	kit-proprietary	consumer-wiring	temporary-compat
packages/create-wp-project/src/generators/phpFramework.js	kit-proprietary	consumer-wiring	temporary-compat
packages/create-wp-project/src/generators/phpTest.js	kit-proprietary	consumer-wiring	temporary-compat
packages/create-wp-project/src/generators/phpUnitDocker.js	kit-proprietary	consumer-wiring	temporary-compat
packages/create-wp-project/src/generators/restBatch.js	kit-proprietary	consumer-wiring	temporary-compat
packages/create-wp-project/src/generators/templates/docker-phpunit/.gitignore	kit-proprietary	consumer-wiring	temporary-compat
packages/create-wp-project/src/generators/templates/docker-phpunit/README.md	kit-proprietary	consumer-wiring	temporary-compat
packages/create-wp-project/src/generators/templates/docker-phpunit/docker-compose.yml	kit-proprietary	consumer-wiring	temporary-compat
packages/create-wp-project/src/generators/templates/docker-phpunit/env.example	kit-proprietary	consumer-wiring	temporary-compat
packages/create-wp-project/src/generators/templates/docker-phpunit/run-phpunit.sh	kit-proprietary	consumer-wiring	temporary-compat
packages/create-wp-project/src/generators/templates/docker-phpunit/teardown.sh	kit-proprietary	consumer-wiring	temporary-compat
packages/create-wp-project/src/generators/templates/docker-phpunit/wp-tests-config.php.template	kit-proprietary	consumer-wiring	temporary-compat
packages/create-wp-project/src/generators/templates/e2e/.wp-env.json	kit-proprietary	consumer-wiring	temporary-compat
packages/create-wp-project/src/generators/templates/e2e/playwright.config.js	kit-proprietary	consumer-wiring	temporary-compat
packages/create-wp-project/src/generators/templates/e2e/tests/e2e/config/global-setup.js	kit-proprietary	consumer-wiring	temporary-compat
packages/create-wp-project/src/generators/templates/e2e/tests/e2e/specs/admin-smoke.spec.js	kit-proprietary	consumer-wiring	temporary-compat
packages/create-wp-project/src/generators/templates/e2e/tests/e2e/specs/frontend-smoke.spec.js	kit-proprietary	consumer-wiring	temporary-compat
packages/create-wp-project/src/generators/vendorScoping.js	kit-proprietary	consumer-wiring	temporary-compat
packages/create-wp-project/src/index.js	kit-proprietary	support	migrate
packages/create-wp-project/src/json-utils.js	kit-proprietary	support	migrate
packages/create-wp-project/src/kit-status.js	kit-proprietary	support	migrate
packages/create-wp-project/src/manifest.js	kit-proprietary	support	migrate
packages/create-wp-project/src/migrations/0.2.0.js	kit-proprietary	support	migrate
packages/create-wp-project/src/migrations/0.3.0.js	kit-proprietary	support	migrate
packages/create-wp-project/src/migrations/0.4.0.js	kit-proprietary	support	migrate
packages/create-wp-project/src/migrations/1.0.0.js	kit-proprietary	support	migrate
packages/create-wp-project/src/migrations/2.0.0.js	kit-proprietary	support	migrate
packages/create-wp-project/src/migrations/2.1.0.js	kit-proprietary	support	migrate
packages/create-wp-project/src/migrations/2.2.0.js	kit-proprietary	support	migrate
packages/create-wp-project/src/migrations/2.3.0.js	kit-proprietary	support	migrate
packages/create-wp-project/src/migrations/2.4.0.js	kit-proprietary	support	migrate
packages/create-wp-project/src/migrations/2.5.0.js	kit-proprietary	support	migrate
packages/create-wp-project/src/migrations/2.6.0.js	kit-proprietary	support	migrate
packages/create-wp-project/src/migrations/index.js	kit-proprietary	support	migrate
packages/create-wp-project/src/plan-update.js	kit-proprietary	support	migrate
packages/create-wp-project/src/presets.js	kit-proprietary	support	migrate
packages/create-wp-project/src/project-config-io.js	kit-proprietary	support	migrate
packages/create-wp-project/src/rector/rector-build.php	kit-proprietary	support	external-dependency
packages/create-wp-project/src/rector/rector-config.php	kit-proprietary	support	external-dependency
packages/create-wp-project/src/rector/rector-prefix.php	kit-proprietary	support	external-dependency
packages/create-wp-project/src/rector/rector-upgrade.php	kit-proprietary	support	external-dependency
packages/create-wp-project/src/refresh-glue.js	kit-proprietary	support	migrate
packages/create-wp-project/src/release/canonical-zip.js	kit-proprietary	consumer-release	migrate
packages/create-wp-project/src/release/module-loader-coexistence-gate.js	kit-proprietary	consumer-release	migrate
packages/create-wp-project/src/release/php-ast-transform.php	kit-proprietary	consumer-release	migrate
packages/create-wp-project/src/release/prepare-release.js	kit-proprietary	consumer-release	migrate
packages/create-wp-project/src/release/prepareComposer.js	kit-proprietary	consumer-release	migrate
packages/create-wp-project/src/release/private-runtime-assembler.js	kit-proprietary	consumer-release	migrate
packages/create-wp-project/src/release/releaseTests.js	kit-proprietary	consumer-release	migrate
packages/create-wp-project/src/release/resolve-profile-s-transformer.js	kit-proprietary	consumer-release	migrate
packages/create-wp-project/src/release/run-release.js	kit-proprietary	consumer-release	migrate
packages/create-wp-project/src/removeFeature.js	kit-proprietary	support	migrate
packages/create-wp-project/src/resolve-kit-paths.js	kit-proprietary	support	migrate
packages/create-wp-project/src/scaffold-cli.js	kit-proprietary	support	migrate
packages/create-wp-project/src/sync-php-min.js	kit-proprietary	support	migrate
packages/create-wp-project/src/templates/plugin/plugin-file.php.tpl	kit-proprietary	support	migrate
packages/create-wp-project/src/templates/plugin/readme.txt.tpl	kit-proprietary	support	migrate
packages/create-wp-project/src/update-cli.js	kit-proprietary	support	migrate
packages/create-wp-project/src/validate-config.js	kit-proprietary	support	migrate
packages/standalone-build/.gitignore	kit-proprietary	standalone-pipeline	migrate
packages/standalone-build/AGENTS.md	kit-proprietary	standalone-pipeline	migrate
packages/standalone-build/AGENT_MASTER_PROMPT_AND_PROJECT_HANDOFF.md	kit-proprietary	standalone-pipeline	migrate
packages/standalone-build/FIX_PLAN_PIPELINE.md	kit-proprietary	standalone-pipeline	migrate
packages/standalone-build/FULL_BUILD_OBFUSCATOR_AUDIT_AND_REMEDIATION.md	kit-proprietary	standalone-pipeline	migrate
packages/standalone-build/OBFUSCATION_AND_SPAGHETTIFICATION_CONTEXT.md	kit-proprietary	standalone-pipeline	migrate
packages/standalone-build/OBFUSCATOR_ARCHITECTURE_REVIEW.md	kit-proprietary	standalone-pipeline	migrate
packages/standalone-build/README.md	kit-proprietary	standalone-pipeline	migrate
packages/standalone-build/SOP_PRODUCTION_PLUGIN_DEPLOYMENT.md	kit-proprietary	standalone-pipeline	migrate
packages/standalone-build/artifact-fixture-helper.mjs	kit-proprietary	standalone-pipeline	migrate
packages/standalone-build/artifact-prefix-inventory.mjs	kit-proprietary	standalone-pipeline	migrate
packages/standalone-build/assemble-profile-a-candidate.mjs	kit-proprietary	standalone-pipeline	migrate
packages/standalone-build/assemble-profile-s-candidate.mjs	kit-proprietary	standalone-pipeline	migrate
packages/standalone-build/build-all-standalone-plugins.mjs	kit-proprietary	standalone-pipeline	migrate
packages/standalone-build/build-cache-engine.mjs	kit-proprietary	standalone-pipeline	migrate
packages/standalone-build/build-dag-runner.mjs	kit-proprietary	standalone-pipeline	migrate
packages/standalone-build/build-plan.mjs	kit-proprietary	standalone-pipeline	migrate
packages/standalone-build/canonical-artifact-manifest.mjs	kit-proprietary	standalone-pipeline	migrate
packages/standalone-build/class-completeness-gate.mjs	kit-proprietary	standalone-pipeline	migrate
packages/standalone-build/composer-dependency-inventory.mjs	kit-proprietary	standalone-pipeline	migrate
packages/standalone-build/deploy-standalone-plugin.mjs	kit-proprietary	standalone-pipeline	migrate
packages/standalone-build/dev-purge-policy.mjs	kit-proprietary	standalone-pipeline	migrate
packages/standalone-build/dev/ast-assertion-audit-report.json	kit-proprietary	standalone-pipeline	migrate
packages/standalone-build/dev/ast-assertion-auditor.mjs	kit-proprietary	standalone-pipeline	migrate
packages/standalone-build/dev/build-performance-benchmark.json	kit-proprietary	standalone-pipeline	migrate
packages/standalone-build/dev/profile-tests.mjs	kit-proprietary	standalone-pipeline	migrate
packages/standalone-build/dev/run-benchmark.mjs	kit-proprietary	standalone-pipeline	migrate
packages/standalone-build/dev/run-tests.mjs	kit-proprietary	standalone-pipeline	migrate
packages/standalone-build/dev/runner-invocation-trace.json	kit-proprietary	standalone-pipeline	migrate
packages/standalone-build/dev/trace-all-runners.mjs	kit-proprietary	standalone-pipeline	migrate
packages/standalone-build/dev/trace-execution.mjs	kit-proprietary	standalone-pipeline	migrate
packages/standalone-build/diagnostic-artifact-verifier.php	kit-proprietary	standalone-pipeline	migrate
packages/standalone-build/framework-closure-inventory.mjs	kit-proprietary	standalone-pipeline	migrate
packages/standalone-build/framework-template-inventory.mjs	kit-proprietary	standalone-pipeline	migrate
packages/standalone-build/generate-closure-review-manifest.mjs	kit-proprietary	standalone-pipeline	migrate
packages/standalone-build/generate-serialized-callback-review-manifest.mjs	kit-proprietary	standalone-pipeline	migrate
packages/standalone-build/generate-settings-ownership-review-manifest.mjs	kit-proprietary	standalone-pipeline	migrate
packages/standalone-build/generate-signed-release-manifest.mjs	kit-proprietary	standalone-pipeline	migrate
packages/standalone-build/heavy-obfuscator.php	kit-proprietary	standalone-pipeline	migrate
packages/standalone-build/hook-contract-inventory.mjs	kit-proprietary	standalone-pipeline	migrate
packages/standalone-build/inline-wpdev-closure.mjs	kit-proprietary	standalone-pipeline	migrate
packages/standalone-build/module-loader-coexistence-gate.mjs	kit-proprietary	standalone-pipeline	migrate
packages/standalone-build/package.json	kit-proprietary	standalone-pipeline	migrate
packages/standalone-build/plan3/symbol-analyzer.php	kit-proprietary	standalone-pipeline	migrate
packages/standalone-build/plan3/transformer.php	kit-proprietary	standalone-pipeline	migrate
packages/standalone-build/prepare-artifact-phpunit-harness.mjs	kit-proprietary	standalone-pipeline	migrate
packages/standalone-build/profile-s-fail-closed.mjs	kit-proprietary	standalone-pipeline	migrate
packages/standalone-build/protection-inventory.mjs	kit-proprietary	standalone-pipeline	migrate
packages/standalone-build/rector-downgrade-php74.php	kit-proprietary	standalone-pipeline	migrate
packages/standalone-build/refresh-pre-registry-candidate-digests.mjs	kit-proprietary	standalone-pipeline	migrate
packages/standalone-build/resolve-content-root.mjs	kit-proprietary	standalone-pipeline	migrate
packages/standalone-build/run-plan3-eligibility-spike.mjs	kit-proprietary	standalone-pipeline	migrate
packages/standalone-build/run-protection-gates.mjs	kit-proprietary	standalone-pipeline	migrate
packages/standalone-build/safe-ast-obfuscator.php	kit-proprietary	standalone-pipeline	migrate
packages/standalone-build/serialized-callback-inventory.mjs	kit-proprietary	standalone-pipeline	migrate
packages/standalone-build/settings-field-inventory.mjs	kit-proprietary	standalone-pipeline	migrate
packages/standalone-build/target-registry.mjs	kit-proprietary	standalone-pipeline	migrate
packages/standalone-build/test-dependency-registry.mjs	kit-proprietary	standalone-pipeline	migrate
packages/standalone-build/test-impact-map.mjs	kit-proprietary	standalone-pipeline	migrate
packages/standalone-build/tests-docker/docker-runtime-smoke.test.mjs	kit-proprietary	test	oracle-source
packages/standalone-build/tests/artifact-fixture-helper.test.mjs	kit-proprietary	test	oracle-source
packages/standalone-build/tests/artifact-manifest-tamper-resistance.test.mjs	kit-proprietary	test	oracle-source
packages/standalone-build/tests/artifact-prefix-inventory.test.mjs	kit-proprietary	test	oracle-source
packages/standalone-build/tests/atomic-deploy-and-cache-integrity.test.mjs	kit-proprietary	test	oracle-source
packages/standalone-build/tests/build-dag-runner.test.mjs	kit-proprietary	test	oracle-source
packages/standalone-build/tests/class-completeness-gate.test.mjs	kit-proprietary	test	oracle-source
packages/standalone-build/tests/dag-cancellation-subprocess.test.mjs	kit-proprietary	test	oracle-source
packages/standalone-build/tests/dev-purge-policy.test.mjs	kit-proprietary	test	oracle-source
packages/standalone-build/tests/docker-receipt-binding.test.mjs	kit-proprietary	test	oracle-source
packages/standalone-build/tests/f01-atomic-deploy-rollback-fsync.test.mjs	kit-proprietary	test	oracle-source
packages/standalone-build/tests/f02-transaction-locking.test.mjs	kit-proprietary	test	oracle-source
packages/standalone-build/tests/f03-direct-deploy-journal-recovery.test.mjs	kit-proprietary	test	oracle-source
packages/standalone-build/tests/f04-zip-snapshot-integrity.test.mjs	kit-proprietary	test	oracle-source
packages/standalone-build/tests/f05-f06-cache-profile-separation.test.mjs	kit-proprietary	test	oracle-source
packages/standalone-build/tests/f07-php74-target-syntax-gate.test.mjs	kit-proprietary	test	oracle-source
packages/standalone-build/tests/f08-path-and-autoload-validation.test.mjs	kit-proprietary	test	oracle-source
packages/standalone-build/tests/f09-f10-f11-transformer-semantics.test.mjs	kit-proprietary	test	oracle-source
packages/standalone-build/tests/f12-consumer-release-alignment.test.mjs	kit-proprietary	test	oracle-source
packages/standalone-build/tests/f13-in-flight-drain-and-health.test.mjs	kit-proprietary	test	oracle-source
packages/standalone-build/tests/f14-bounded-inflate-and-zip-reproducibility.test.mjs	kit-proprietary	test	oracle-source
packages/standalone-build/tests/framework-closure-inventory.test.mjs	kit-proprietary	test	oracle-source
packages/standalone-build/tests/framework-template-inventory.test.mjs	kit-proprietary	test	oracle-source
packages/standalone-build/tests/generate-serialized-callback-review-manifest.test.mjs	kit-proprietary	test	oracle-source
packages/standalone-build/tests/helpers/transformer-fixture-harness.mjs	kit-proprietary	test	oracle-source
packages/standalone-build/tests/hook-contract-inventory.test.mjs	kit-proprietary	test	oracle-source
packages/standalone-build/tests/in-place-unzip-race.test.mjs	kit-proprietary	test	oracle-source
packages/standalone-build/tests/inliner-collision-and-manifest.test.mjs	kit-proprietary	test	oracle-source
packages/standalone-build/tests/module-loader-coexistence-gate.test.mjs	kit-proprietary	test	oracle-source
packages/standalone-build/tests/multi-plugin-coexistence.test.mjs	kit-proprietary	test	oracle-source
packages/standalone-build/tests/performance-and-evidence-regressions.test.mjs	kit-proprietary	test	oracle-source
packages/standalone-build/tests/performance-and-tamper-verification.test.mjs	kit-proprietary	test	oracle-source
packages/standalone-build/tests/pipeline-failure-and-rollback.test.mjs	kit-proprietary	test	oracle-source
packages/standalone-build/tests/plan3-transformer.test.mjs	kit-proprietary	test	oracle-source
packages/standalone-build/tests/prepare-artifact-phpunit-harness.test.mjs	kit-proprietary	test	oracle-source
packages/standalone-build/tests/production-namespace-tests-retention.test.mjs	kit-proprietary	test	oracle-source
packages/standalone-build/tests/profile-s-fail-closed.test.mjs	kit-proprietary	test	oracle-source
packages/standalone-build/tests/protection-inventory.test.mjs	kit-proprietary	test	oracle-source
packages/standalone-build/tests/refresh-pre-registry-candidate-digests.test.mjs	kit-proprietary	test	oracle-source
packages/standalone-build/tests/resolve-content-root.test.mjs	kit-proprietary	test	oracle-source
packages/standalone-build/tests/run-plan3-eligibility-spike.test.mjs	kit-proprietary	test	oracle-source
packages/standalone-build/tests/run-protection-gates.test.mjs	kit-proprietary	test	oracle-source
packages/standalone-build/tests/safe-ast-obfuscator.test.mjs	kit-proprietary	test	oracle-source
packages/standalone-build/tests/serialized-callback-inventory.test.mjs	kit-proprietary	test	oracle-source
packages/standalone-build/tests/settings-field-inventory.test.mjs	kit-proprietary	test	oracle-source
packages/standalone-build/tests/target-cache-integrity.test.mjs	kit-proprietary	test	oracle-source
packages/standalone-build/tests/target-registry.test.mjs	kit-proprietary	test	oracle-source
packages/standalone-build/tests/task3-private-members-and-constants.test.mjs	kit-proprietary	test	oracle-source
packages/standalone-build/tests/task4-scope-capture-and-template.test.mjs	kit-proprietary	test	oracle-source
packages/standalone-build/tests/task5-protect-literals-and-comments.test.mjs	kit-proprietary	test	oracle-source
packages/standalone-build/tests/task6-namespaces-and-public-boundaries.test.mjs	kit-proprietary	test	oracle-source
packages/standalone-build/tests/tavangary-core-artifact.test.mjs	kit-proprietary	test	oracle-source
packages/standalone-build/tests/tavangary-theme-panel-artifact.test.mjs	kit-proprietary	test	oracle-source
packages/standalone-build/tests/test-impact-map.test.mjs	kit-proprietary	test	oracle-source
packages/standalone-build/tests/test-scheduler-and-tiers.test.mjs	kit-proprietary	test	oracle-source
packages/standalone-build/tests/transformer-correctness-matrix.test.mjs	kit-proprietary	test	oracle-source
packages/standalone-build/tests/transformer-engine.test.mjs	kit-proprietary	test	oracle-source
packages/standalone-build/tests/transformer-fixture-harness.test.mjs	kit-proprietary	test	oracle-source
packages/standalone-build/tests/v3-differential-probes.test.mjs	kit-proprietary	test	oracle-source
packages/standalone-build/tests/v3-gap-fixes.test.mjs	kit-proprietary	test	oracle-source
packages/standalone-build/tests/v3-transform-modes.test.mjs	kit-proprietary	test	oracle-source
packages/standalone-build/tests/v4-review-fixes.test.mjs	kit-proprietary	test	oracle-source
packages/standalone-build/tests/validate-closure-review-manifest.test.mjs	kit-proprietary	test	oracle-source
packages/standalone-build/tests/validate-composer-release-policy.test.mjs	kit-proprietary	test	oracle-source
packages/standalone-build/tests/validate-composer-staging-report.test.mjs	kit-proprietary	test	oracle-source
packages/standalone-build/tests/validate-hook-contract-dynamic-domain.test.mjs	kit-proprietary	test	oracle-source
packages/standalone-build/tests/validate-hook-contract-review.test.mjs	kit-proprietary	test	oracle-source
packages/standalone-build/tests/validate-prefix-migration-contract.test.mjs	kit-proprietary	test	oracle-source
packages/standalone-build/tests/validate-profile-a-pre-registry-candidate.test.mjs	kit-proprietary	test	oracle-source
packages/standalone-build/tests/validate-profile-a-readiness.test.mjs	kit-proprietary	test	oracle-source
packages/standalone-build/tests/validate-protection-artifact-registry.test.mjs	kit-proprietary	test	oracle-source
packages/standalone-build/tests/validate-protection-registry-proposals.test.mjs	kit-proprietary	test	oracle-source
packages/standalone-build/tests/validate-serialized-callback-review.test.mjs	kit-proprietary	test	oracle-source
packages/standalone-build/tests/validate-settings-ownership-review.test.mjs	kit-proprietary	test	oracle-source
packages/standalone-build/tests/validate-signed-release-manifest.test.mjs	kit-proprietary	test	oracle-source
packages/standalone-build/tests/validate-template-dependency-review.test.mjs	kit-proprietary	test	oracle-source
packages/standalone-build/tests/validate-template-resolver-contract.test.mjs	kit-proprietary	test	oracle-source
packages/standalone-build/tests/validate-test-portability-manifest.test.mjs	kit-proprietary	test	oracle-source
packages/standalone-build/tests/verify-composer-staging.test.mjs	kit-proprietary	test	oracle-source
packages/standalone-build/tests/verify-profile-s-artifact.test.mjs	kit-proprietary	test	oracle-source
packages/standalone-build/tests/wpdev-crm-artifact.test.mjs	kit-proprietary	test	oracle-source
packages/standalone-build/tests/wpdev-tickets-artifact.test.mjs	kit-proprietary	test	oracle-source
packages/standalone-build/tests/zip-tamper-resistance-extended.test.mjs	kit-proprietary	test	oracle-source
packages/standalone-build/validate-closure-review-manifest.mjs	kit-proprietary	standalone-pipeline	migrate
packages/standalone-build/validate-composer-release-policy.mjs	kit-proprietary	standalone-pipeline	migrate
packages/standalone-build/validate-composer-staging-report.mjs	kit-proprietary	standalone-pipeline	migrate
packages/standalone-build/validate-hook-contract-dynamic-domain.mjs	kit-proprietary	standalone-pipeline	migrate
packages/standalone-build/validate-hook-contract-review.mjs	kit-proprietary	standalone-pipeline	migrate
packages/standalone-build/validate-prefix-migration-contract.mjs	kit-proprietary	standalone-pipeline	migrate
packages/standalone-build/validate-profile-a-pre-registry-candidate.mjs	kit-proprietary	standalone-pipeline	migrate
packages/standalone-build/validate-profile-a-readiness.mjs	kit-proprietary	standalone-pipeline	migrate
packages/standalone-build/validate-protection-artifact-registry.mjs	kit-proprietary	standalone-pipeline	migrate
packages/standalone-build/validate-protection-registry-proposals.mjs	kit-proprietary	standalone-pipeline	migrate
packages/standalone-build/validate-serialized-callback-review.mjs	kit-proprietary	standalone-pipeline	migrate
packages/standalone-build/validate-settings-ownership-review.mjs	kit-proprietary	standalone-pipeline	migrate
packages/standalone-build/validate-signed-release-manifest.mjs	kit-proprietary	standalone-pipeline	migrate
packages/standalone-build/validate-template-dependency-review.mjs	kit-proprietary	standalone-pipeline	migrate
packages/standalone-build/validate-template-resolver-contract.mjs	kit-proprietary	standalone-pipeline	migrate
packages/standalone-build/validate-test-portability-manifest.mjs	kit-proprietary	standalone-pipeline	migrate
packages/standalone-build/verify-composer-staging.mjs	kit-proprietary	standalone-pipeline	migrate
packages/standalone-build/verify-profile-s-artifact.mjs	kit-proprietary	standalone-pipeline	migrate
